Last Month Remain,2432.446622,,,,,,,,,,,,,,,,,,,,,,,,,,,,,,,,,,,,
 Sent,"66,680.95",,,,,,,,,,,,,,,,,,,,,,,,,,,,,,,,,,,,
Extra,342.5,,,,,,,,,,,,,,,,,,,,,,,,,,,,,,,,,,,,
From/to,"9,429.00",,,,,,,,,,,,,,,,,,,,,,,,,,,,,,,,,,,,
Spent,66383.34,,,,,,,,,,,,,,,,,,,,,,,,,,,,,,,,,,,,/
Fees,"2,871.43",,,,,,,,,,,,,,,,,,,,,,,,,,,,,,,,,,,,
Remaining,9630.130434,,,,,,,,,,,,,,,,,,,,,,,,,,,,,,,,,,,,
Account Info,,,,,,,,,,,,,,,,,,,,,,,,,,,,,,,,,,,,,
ID Account,Name,Status,Currency,Threshold,GMT,Total,1,2,3,4,5,6,7,8,9,10,11,12,13,14,15,16,17,18,19,20,21,22,23,24,25,26,27,28,29,30,31
Raze 1 - @invisible_911,,,,,,,,,,,,,,,,,,,,,,,0.00,0.00,0,0,0,0,0,0,0,0,0,0,0,0,0
1418435262685985,S - 2506 3,Live,USD,,+4,0,,,,,,,,,,,,,,,,,,,,,,,,,,,,,,,
649058851515419,,Live,USD,,+3,607.15,,,,,,,,,,,100.67,69.22,75.4,43.32,84.63,233.91,,,,,,,,,,,,,,,
1662425794457349,,Live,USD,,+3,402.61,,,,,,,,,,,67.62,,45.2,56.48,81.54,151.77,,,,,,,,,,,,,,,
1291412129233817,S - Raze1 2,Live,USD,,+3,264.05,,,,,,,97.38,65.23,,96.83,,,,4.61,,,,,,,,,,,,,,,,,
1290871768918780,S - Raze1 5,Live,USD,,+1,0,,,,,,,,,,,,,,,,,,,,,,,,,,,,,,,
1288997529215954,,Live,USD,,+1,0,,,,,,,,,,,,,,,,,,,,,,,,,,,,,,,
1817267945145960,,Live,USD,,+1,0,,,,,,,,,,,,,,,,,,,,,,,,,,,,,,,
4834493953272983,,Live,USD,,+1,0,,,,,,,,,,,,,,,,,,,,,,,,,,,,,,,
685305195934902,,Live,USD,,+1,0,,,,,,,,,,,,,,,,,,,,,,,,,,,,,,,
793485658720170,,Live,USD,,+1,46.91,,,,,,,,,,,,,46.91,,,,,,,,,,,,,,,,,,
Raze 2 - @tgrunt_jay,,,,,,,,,,,,,,,,,,,,,,,,,,,,,,,,,,,,,
1105191510246914,,Threshold,,342.50$,,3756.23,438.72,446.7,1281,640.54,229.72,178.98,330.18,210.39,,,,,,,,,,,,,,,,,,,,,,,
375703641034825,,Live,,,,1681.22,,,,,,,,,,,,,139.99,396.1,603.12,542.01,,,,,,,,,,,,,,,
4871782169542641,,Live,,,,8039.03,260.42,453.4,1591.18,1274.99,1195.99,554.04,655.17,656.62,309.64,182.61,197.28,135.03,54.66,284,154.76,79.24,,,,,,,,,,,,,,,
627152219084492,,Live,USD,,+1,0,,,,,,,,,,,,,,,,,,,,,,,,,,,,,,,
2071469659855425,,Live,USD,,+1,0,,,,,,,,,,,,,,,,,,,,,,,,,,,,,,,
645364971463426,,Live,USD,,+1,0,,,,,,,,,,,,,,,,,,,,,,,,,,,,,,,
24700743089612089,,Live,USD,,+1,0,,,,,,,,,,,,,,,,,,,,,,,,,,,,,,,
779835121355685,,Live,USD,,+3,0,,,,,,,,,,,,,,,,,,,,,,,,,,,,,,,
3000014510053123,,Live,USD,,+3,0,,,,,,,,,,,,,,,,,,,,,,,,,,,,,,,
1465029164633843,,Live,USD,,+3,6.96,,,,,,,,,,,,,,6.96,,,,,,,,,,,,,,,,,
1498328544613658,,Live,USD,,+3,44.98,,,,,,,,,,,,,,44.98,,,,,,,,,,,,,,,,,
1433195927739002,,Live,USD,,+3,0.85,,,,,,,,,,,,,,0.85,,,,,,,,,,,,,,,,,
744229177994247,,Live,USD,,+3,0,,,,,,,,,,,,,,,,,,,,,,,,,,,,,,,
781772531398362,,Live,USD,,+3,696.47,,,,,,30.96,,,443.47,1.16,,,251.84,,,,,,,,,,,,,,,,,,
1413272940801229,,Live,USD,,+3,2716.24,,,,,0.02,95.72,,520.25,1088.5,252.36,303.91,418.35,132.87,,,,,,,,,,,,,,,,,,
1059716852920998,,Live,USD,,+3,0,,,,,,,,,,,,,,,,,,,,,,,,,,,,,,,
1554913599019512,,Live,USD,,+3,2266.89,,,,,,,,583.29,1015.61,154.37,202.8,281.34,29.48,,,,,,,,,,,,,,,,,,
1103679238183843,,Live,USD,,+3,149.88,2262.07,836.98,,,,,,,,62.36,42.03,45.49,,,,,,,,,,,,,,,,,,,
4057202274557093,,Live,USD,,+3,0,,,,,,,,,,,,,,,,,,,,,,,,,,,,,,,
,,,,,,,,,,,,,,,,,,,,,,,,,,,,,,,,,,,,,
,,,,,,,,,,,,,,,,,,,,,,,,,,,,,,,,,,,,,
Raze 3 - @raze_traff,,,,,,,,,,,,,,,,,,,,,,,,,,,,,,,,,,,,,
783630880849801,,Die,,,,205.37,,,,68.83,136.54,,,,,,,,,,,,,,,,,,,,,,,,,,
713063791887416,,Die,,,,382.74,,,,127.26,181.37,74.11,,,,,,,,,,,,,,,,,,,,,,,,,
1037517394981069,,Live,,,,712.06,,,,142.85,117.4,79.48,94.93,13.42,,171.81,,92.17,,,,,,,,,,,,,,,,,,,
,,Live,,,,0,,,,,,,,,,,,,,,,,,,,,,,,,,,,,,,
,,Live,,,,0,,,,,,,,,,,,,,,,,,,,,,,,,,,,,,,
,,Live,,,,0,,,,,,,,,,,,,,,,,,,,,,,,,,,,,,,
,,Live,,,,0,,,,,,,,,,,,,,,,,,,,,,,,,,,,,,,
2066546387168098,,Die,,,,178.49,,,,,,102.92,40.88,34.69,,,,,,,,,,,,,,,,,,,,,,,
696603416529620,,Die,,,,69.67,,,,28.78,40.89,,,,,,,,,,,,,,,,,,,,,,,,,,
1063403898531446,,Live,,,,0,,,,,,,,,,,,,,,,,,,,,,,,,,,,,,,
1360150375055448,,Live,,,,0,,,,,,,,,,,,,,,,,,,,,,,,,,,,,,,
1157882409588234,,Live,,,,0,,,,,,,,,,,,,,,,,,,,,,,,,,,,,,,
779670868313668,,Live,,,,0,,,,,,,,,,,,,,,,,,,,,,,,,,,,,,,
1560255438341749,,Live,,,,0,,,,,,,,,,,,,,,,,,,,,,,,,,,,,,,
1393938485768616,,Live,,,,0,,,,,,,,,,,,,,,,,,,,,,,,,,,,,,,
1459587265125108,,Live,,,,0,,,,,,,,,,,,,,,,,,,,,,,,,,,,,,,
1306853374252321,,Live,,,,0,,,,,,,,,,,,,,,,,,,,,,,,,,,,,,,
248747170687101,,Live,,,,765.05,,,,39.75,63.1,112.83,69.7,92.9,,187.9,,198.87,,,,,,,,,,,,,,,,,,,
1041795126600711,,Die,,,,777.46,,,,461.33,261.63,54.5,,,,,,,,,,,,,,,,,,,,,,,,,
1596999314612518,,Live,,,,0,,,,,,,,,,,,,,,,,,,,,,,,,,,,,,,
1549807026181131,,Live,,,,430.78,,,,,,,,102.38,,201.55,,126.85,,,,,,,,,,,,,,,,,,,
1549520619753984,,Die,,,,83.58,,,,,,,83.58,,,,,,,,,,,,,,,,,,,,,,,,
1549094169589300,,Die,,,,200.5,,,,,,,70.34,82.98,,47.18,,,,,,,,,,,,,,,,,,,,,
1544792153637654,,Die,,,,361.97,,,,,,89.48,49.05,83.62,,139.82,,,,,,,,,,,,,,,,,,,,,
1140808401530587,,Live,,,,0,,,,,,,,,,,,,,,,,,,,,,,,,,,,,,,
,,,,,,,,,,,,,,,,,,,,,,,,,,,,,,,,,,,,,
,,,,,,,,,,,,,,,,,,,,,,,,,,,,,,,,,,,,,
,,,,,,,,,,,,,,,,,,,,,,,,,,,,,,,,,,,,,
,,,,,,,,,,,,,,,,,,,,,,,,,,,,,,,,,,,,,
Raze 4 - @dana_0990 (closed 5.12),,,,,,,,,,,,,,,,,,,,,,,,,,,,,,,,,,,,,
Raze 5 - @majorr09,,,,,,,,,,,,,,,,,,,,,,,,,,,,,,,,,,,,,
1821264261809726,,Live,,,,0,,,,,,,,,,,,,,,,,,,,,,,,,,,,,,,
1485034429373317,,Live,,,,0,,,,,,,,,,,,,,,,,,,,,,,,,,,,,,,
1256568422814447,,Live,,,,0,,,,,,,,,,,,,,,,,,,,,,,,,,,,,,,
1349383756557602,,Live,,,,0,,,,,,,,,,,,,,,,,,,,,,,,,,,,,,,
997675428881188,,Live,,,,0,,,,,,,,,,,,,,,,,,,,,,,,,,,,,,,
1069060365330096,,Live,,,,0,,,,,,,,,,,,,,,,,,,,,,,,,,,,,,,
3299204533554047,,Live,,,,5338.11,,,,,,,,,,,,,238.22,1720.75,1496.91,1882.23,,,,,,,,,,,,,,,
1167633821887251,,Live,,,,0,,,,,,,,,,,,,,,,,,,,,,,,,,,,,,,
798719959674692,,Live,,,,623.37,,,,,,,,,,,,,239.96,365.3,18.11,,,,,,,,,,,,,,,,
772305748957999,,Live,,,,659.31,139.37,205.34,237.22,0,,,,,,,,,,,77.38,,,,,,,,,,,,,,,,
730127166745371,,Live,,,,0,,,,,,,,,,,,,,,,,,,,,,,,,,,,,,,
726485950442612,,Live,,,,1282.06,176.33,172.32,245.08,0,,,,,,,,,,,105.13,583.2,,,,,,,,,,,,,,,
4171409066468834,,Live,,,,1555.48,542.79,600.43,358.82,0,,,,,,,,,,,53.44,,,,,,,,,,,,,,,,
3696351394005840,,Live,,,,71.82,56.48,15.34,,,,,,,,,,,,,,,,,,,,,,,,,,,,,
,,,,,,,,,,,,,,,,,,,,,,,,,,,,,,,,,,,,,
Raze 5 - @majorr09 - user 2,,,,,,,,,,,,,,,,,,,,,,,,,,,,,,,,,,,,,
653238624509303,,DIe,,,,18.46,,,,18.46,,,,,,,,,,,,,,,,,,,,,,,,,,,
1345349300340697,,Live,,,,1180.01,,,,,,145.23,110.31,,,,431.59,492.88,,,,,,,,,,,,,,,,,,,
1509618483721578,,Live,,,,172.65,,,,,,79.79,92.86,,,,,,,,,,,,,,,,,,,,,,,,
,,,,,,,,,,,,,,,,,,,,,,,,,,,,,,,,,,,,,
,,,,,,,,,,,,,,,,,,,,,,,,,,,,,,,,,,,,,
,,,,,,,,,,,,,,,,,,,,,,,,,,,,,,,,,,,,,
Raze 5 - @majorr09 - user 3,,,,,,,,,,,,,,,,,,,,,,,,,,,,,,,,,,,,,
,,,,,,,,,,,,,,,,,,,,,,,,,,,,,,,,,,,,,
Raze 6 - @kot_kkk,,,,,,,,,,,,,,,,,,,,,,,,,,,,,,,,,,,,,
1078170236831281,,Live,USD,,,1857.55,,,,,,,,,,,,,657.25,529.51,416.65,254.14,,,,,,,,,,,,,,,
3458888464374802,,Live,USD,,,136.01,,,,,,,,,,,136.01,,,,,,,,,,,,,,,,,,,,
10203888248100809,,Live,USD,,,1042.5,,,357.27,166.2,518.31,0.72,,,,,,,,,,,,,,,,,,,,,,,,,
1052867492644298,,Live,USD,,,0,,,,,,,,,,,,,,,,,,,,,,,,,,,,,,,
,,Live,,,,0,,,,,,,,,,,,,,,,,,,,,,,,,,,,,,,
2777336952654957,,Live,USD,,,0,,,,,,,,,,,,,,,,,,,,,,,,,,,,,,,
312584630891667,,Live,,,,1815.26,,,,,,95.53,,195.32,114.12,663.37,218.34,197.23,114.89,,,216.46,,,,,,,,,,,,,,,
,,Live,,,,0,,,,,,,,,,,,,,,,,,,,,,,,,,,,,,,
,,Live,,,,0,,,,,,,,,,,,,,,,,,,,,,,,,,,,,,,
776274702048126,,Live,,,,0,,,,,,,,,,,,,,,,,,,,,,,,,,,,,,,
749235621432116,,Live,,,,2285.49,,,,79.34,1262.85,405.8,92.49,146.36,125.48,173.17,,,,,,,,,,,,,,,,,,,,,
1178961314076064,,Live,,,,107.1,,,,,,107.1,,,,,,,,,,,,,,,,,,,,,,,,,
1253468876433106,,Live,,,,0,,,,,,,,,,,,,,,,,,,,,,,,,,,,,,,
1382784176172944,,Live,,,,19.8,,,,,,,,,,,,,,5.15,10.96,3.69,,,,,,,,,,,,,,,
1387704255872300,,Back,11/1,,,290.34,,,290.34,0,,,,,,,,1166.89,1674.01,,,,,,,,,,,,,,,,,,
Raze 7 - @kairos,,,,,,,,,,,,,,,,,,,,,,,,,,,,,,,,,,,,,
1093118317913517,,Die,,,,1936.42,,,99.92,0,,94.16,,470.98,450.65,242.03,433.2,145.48,,,,,,,,,,,,,,,,,,,
926351614986371,,Live,,,,7158.75,,,,499.95,2046.79,261.05,665.2,1183.39,933.01,980.99,64.52,43.04,245.49,235.32,,,,,,,,,,,,,,,,,
323124586089025,,Live,,,,4193.8,200.95,560.89,545.81,915.92,977.69,138.37,208.17,,126.49,,,,,480.61,239.85,,,,,,,,,,,,,,,,
957059355192100,,Live,,,,3140.26,,237.72,,689.67,582.72,65,,,,,,,,692.19,157.44,715.52,,,,,,,,,,,,,,,
490586775632052,,Live,,,,6651.45,,143.05,,,,79.03,965.76,373.63,,863.29,652.26,99.73,1407.11,828.65,124.1,1114.84,,,,,,,,,,,,,,,
1449623316131727,,Live,,,,0.2,,,,,,,,,,,,,,0.2,,,,,,,,,,,,,,,,,
1431495261938301,,Live,,,,0,,,,,,,,,,,,,,,29.53,,,,,,,,,,,,,,,,
1323645296121645,,Live,,,,0,,,,,,,,,,,,,,,30.07,,,,,,,,,,,,,,,,
,,,,,,,,,,,,,,,,,,,,,,,,,,,,,,,,,,,,,
,,,,,,,,,,,,,,,,,,,,,,,,,,,,,,,,,,,,,
,,,,,,,,,,,,,,,,,,,,,,,,,,,,,,,,,,,,,
,,,,,,0,,,,,,,,,,,,,,,,,,,,,,,,,,,,,,,
,,,,,,0,,,,,,,,,,,,,,,,,,,,,,,,,,,,,,,
,,,,,,0,,,,,,,,,,,,,,,,,,,,,,,,,,,,,,,
,,,,,,0,,,,,,,,,,,,,,,,,,,,,,,,,,,,,,,
,,,,,,0,,,,,,,,,,,,,,,,,,,,,,,,,,,,,,,
,,,,,,0,,,,,,,,,,,,,,,,,,,,,,,,,,,,,,,
,,,,,,0,,,,,,,,,,,,,,,,,,,,,,,,,,,,,,,
,,,,,,0,,,,,,,,,,,,,,,,,,,,,,,,,,,,,,,
,,,,,,0,,,,,,,,,,,,,,,,,,,,,,,,,,,,,,,
,,,,,,0,,,,,,,,,,,,,,,,,,,,,,,,,,,,,,,
,,,,,,0,,,,,,,,,,,,,,,,,,,,,,,,,,,,,,,
,,,,,,0,,,,,,,,,,,,,,,,,,,,,,,,,,,,,,,
,,,,,,0,,,,,,,,,,,,,,,,,,,,,,,,,,,,,,,
,,,,,,0,,,,,,,,,,,,,,,,,,,,,,,,,,,,,,,
,,,,,,0,,,,,,,,,,,,,,,,,,,,,,,,,,,,,,,
,,,,,,0,,,,,,,,,,,,,,,,,,,,,,,,,,,,,,,
,,,,,,0,,,,,,,,,,,,,,,,,,,,,,,,,,,,,,,
,,,,,,0,,,,,,,,,,,,,,,,,,,,,,,,,,,,,,,
,,,,,,0,,,,,,,,,,,,,,,,,,,,,,,,,,,,,,,
,,,,,,0,,,,,,,,,,,,,,,,,,,,,,,,,,,,,,,
,,,,,,,,,,,,,,,,,,,,,,,,,,,,,,,,,,,,,
,,,,,,,,,,,,,,,,,,,,,,,,,,,,,,,,,,,,,
,,,,,,,,,,,,,,,,,,,,,,,,,,,,,,,,,,,,,
,,,,,,,,,,,,,,,,,,,,,,,,,,,,,,,,,,,,,
,,,,,,,,,,,,,,,,,,,,,,,,,,,,,,,,,,,,,
,,,,,,,,,,,,,,,,,,,,,,,,,,,,,,,,,,,,,
,,,,,,,,,,,,,,,,,,,,,,,,,,,,,,,,,,,,,
,,,,,,,,,,,,,,,,,,,,,,,,,,,,,,,,,,,,,
,,,,,,,,,,,,,,,,,,,,,,,,,,,,,,,,,,,,,
,,,,,,,,,,,,,,,,,,,,,,,,,,,,,,,,,,,,,
,,,,,,,,,,,,,,,,,,,,,,,,,,,,,,,,,,,,,
,,,,,,,,,,,,,,,,,,,,,,,,,,,,,,,,,,,,,
,,,,,,,,,,,,,,,,,,,,,,,,,,,,,,,,,,,,,
,,,,,,,,,,,,,,,,,,,,,,,,,,,,,,,,,,,,,
,,,,,,,,,,,,,,,,,,,,,,,,,,,,,,,,,,,,,
,,,,,,,,,,,,,,,,,,,,,,,,,,,,,,,,,,,,,
,,,,,,,,,,,,,,,,,,,,,,,,,,,,,,,,,,,,,
,,,,,,,,,,,,,,,,,,,,,,,,,,,,,,,,,,,,,
,,,,,,,,,,,,,,,,,,,,,,,,,,,,,,,,,,,,,
,,,,,,,,,,,,,,,,,,,,,,,,,,,,,,,,,,,,,
,,,,,,,,,,,,,,,,,,,,,,,,,,,,,,,,,,,,,
,,,,,,,,,,,,,,,,,,,,,,,,,,,,,,,,,,,,,
,,,,,,,,,,,,,,,,,,,,,,,,,,,,,,,,,,,,,
,,,,,,,,,,,,,,,,,,,,,,,,,,,,,,,,,,,,,
,,,,,,,,,,,,,,,,,,,,,,,,,,,,,,,,,,,,,
,,,,,,,,,,,,,,,,,,,,,,,,,,,,,,,,,,,,,
,,,,,,,,,,,,,,,,,,,,,,,,,,,,,,,,,,,,,
,,,,,,,,,,,,,,,,,,,,,,,,,,,,,,,,,,,,,
,,,,,,,,,,,,,,,,,,,,,,,,,,,,,,,,,,,,,
,,,,,,,,,,,,,,,,,,,,,,,,,,,,,,,,,,,,,
,,,,,,,,,,,,,,,,,,,,,,,,,,,,,,,,,,,,,
,,,,,,,,,,,,,,,,,,,,,,,,,,,,,,,,,,,,,
,,,,,,,,,,,,,,,,,,,,,,,,,,,,,,,,,,,,,
,,,,,,,,,,,,,,,,,,,,,,,,,,,,,,,,,,,,,
,,,,,,,,,,,,,,,,,,,,,,,,,,,,,,,,,,,,,
,,,,,,,,,,,,,,,,,,,,,,,,,,,,,,,,,,,,,
,,,,,,,,,,,,,,,,,,,,,,,,,,,,,,,,,,,,,
,,,,,,,,,,,,,,,,,,,,,,,,,,,,,,,,,,,,,
,,,,,,,,,,,,,,,,,,,,,,,,,,,,,,,,,,,,,
,,,,,,,,,,,,,,,,,,,,,,,,,,,,,,,,,,,,,
,,,,,,,,,,,,,,,,,,,,,,,,,,,,,,,,,,,,,
,,,,,,,,,,,,,,,,,,,,,,,,,,,,,,,,,,,,,
,,,,,,,,,,,,,,,,,,,,,,,,,,,,,,,,,,,,,
,,,,,,,,,,,,,,,,,,,,,,,,,,,,,,,,,,,,,
,,,,,,,,,,,,,,,,,,,,,,,,,,,,,,,,,,,,,
,,,,,,,,,,,,,,,,,,,,,,,,,,,,,,,,,,,,,
,,,,,,,,,,,,,,,,,,,,,,,,,,,,,,,,,,,,,
,,,,,,,,,,,,,,,,,,,,,,,,,,,,,,,,,,,,,
,,,,,,,,,,,,,,,,,,,,,,,,,,,,,,,,,,,,,
,,,,,,,,,,,,,,,,,,,,,,,,,,,,,,,,,,,,,
,,,,,,,,,,,,,,,,,,,,,,,,,,,,,,,,,,,,,
,,,,,,,,,,,,,,,,,,,,,,,,,,,,,,,,,,,,,
,,,,,,,,,,,,,,,,,,,,,,,,,,,,,,,,,,,,,
,,,,,,,,,,,,,,,,,,,,,,,,,,,,,,,,,,,,,
,,,,,,,,,,,,,,,,,,,,,,,,,,,,,,,,,,,,,
,,,,,,,,,,,,,,,,,,,,,,,,,,,,,,,,,,,,,
,,,,,,,,,,,,,,,,,,,,,,,,,,,,,,,,,,,,,
,,,,,,,,,,,,,,,,,,,,,,,,,,,,,,,,,,,,,
,,,,,,,,,,,,,,,,,,,,,,,,,,,,,,,,,,,,,
,,,,,,,,,,,,,,,,,,,,,,,,,,,,,,,,,,,,,
,,,,,,,,,,,,,,,,,,,,,,,,,,,,,,,,,,,,,
,,,,,,,,,,,,,,,,,,,,,,,,,,,,,,,,,,,,,
,,,,,,,,,,,,,,,,,,,,,,,,,,,,,,,,,,,,,
,,,,,,,,,,,,,,,,,,,,,,,,,,,,,,,,,,,,,
,,,,,,,,,,,,,,,,,,,,,,,,,,,,,,,,,,,,,
,,,,,,,,,,,,,,,,,,,,,,,,,,,,,,,,,,,,,
,,,,,,,,,,,,,,,,,,,,,,,,,,,,,,,,,,,,,
,,,,,,,,,,,,,,,,,,,,,,,,,,,,,,,,,,,,,
,,,,,,,,,,,,,,,,,,,,,,,,,,,,,,,,,,,,,
,,,,,,,,,,,,,,,,,,,,,,,,,,,,,,,,,,,,,
,,,,,,,,,,,,,,,,,,,,,,,,,,,,,,,,,,,,,
,,,,,,,,,,,,,,,,,,,,,,,,,,,,,,,,,,,,,
,,,,,,,,,,,,,,,,,,,,,,,,,,,,,,,,,,,,,
,,,,,,,,,,,,,,,,,,,,,,,,,,,,,,,,,,,,,
,,,,,,,,,,,,,,,,,,,,,,,,,,,,,,,,,,,,,
,,,,,,,,,,,,,,,,,,,,,,,,,,,,,,,,,,,,,
,,,,,,,,,,,,,,,,,,,,,,,,,,,,,,,,,,,,,
,,,,,,,,,,,,,,,,,,,,,,,,,,,,,,,,,,,,,
,,,,,,,,,,,,,,,,,,,,,,,,,,,,,,,,,,,,,
,,,,,,,,,,,,,,,,,,,,,,,,,,,,,,,,,,,,,
,,,,,,,,,,,,,,,,,,,,,,,,,,,,,,,,,,,,,
,,,,,,,,,,,,,,,,,,,,,,,,,,,,,,,,,,,,,
,,,,,,,,,,,,,,,,,,,,,,,,,,,,,,,,,,,,,
,,,,,,,,,,,,,,,,,,,,,,,,,,,,,,,,,,,,,
,,,,,,,,,,,,,,,,,,,,,,,,,,,,,,,,,,,,,
,,,,,,,,,,,,,,,,,,,,,,,,,,,,,,,,,,,,,
,,,,,,,,,,,,,,,,,,,,,,,,,,,,,,,,,,,,,
,,,,,,,,,,,,,,,,,,,,,,,,,,,,,,,,,,,,,
,,,,,,,,,,,,,,,,,,,,,,,,,,,,,,,,,,,,,
,,,,,,,,,,,,,,,,,,,,,,,,,,,,,,,,,,,,,
,,,,,,,,,,,,,,,,,,,,,,,,,,,,,,,,,,,,,
,,,,,,,,,,,,,,,,,,,,,,,,,,,,,,,,,,,,,
,,,,,,,,,,,,,,,,,,,,,,,,,,,,,,,,,,,,,
,,,,,,,,,,,,,,,,,,,,,,,,,,,,,,,,,,,,,
,,,,,,,,,,,,,,,,,,,,,,,,,,,,,,,,,,,,,
,,,,,,,,,,,,,,,,,,,,,,,,,,,,,,,,,,,,,
,,,,,,,,,,,,,,,,,,,,,,,,,,,,,,,,,,,,,
,,,,,,,,,,,,,,,,,,,,,,,,,,,,,,,,,,,,,
,,,,,,,,,,,,,,,,,,,,,,,,,,,,,,,,,,,,,
,,,,,,,,,,,,,,,,,,,,,,,,,,,,,,,,,,,,,
,,,,,,,,,,,,,,,,,,,,,,,,,,,,,,,,,,,,,
,,,,,,,,,,,,,,,,,,,,,,,,,,,,,,,,,,,,,
,,,,,,,,,,,,,,,,,,,,,,,,,,,,,,,,,,,,,
,,,,,,,,,,,,,,,,,,,,,,,,,,,,,,,,,,,,,
,,,,,,,,,,,,,,,,,,,,,,,,,,,,,,,,,,,,,
,,,,,,,,,,,,,,,,,,,,,,,,,,,,,,,,,,,,,
,,,,,,,,,,,,,,,,,,,,,,,,,,,,,,,,,,,,,
,,,,,,,,,,,,,,,,,,,,,,,,,,,,,,,,,,,,,
,,,,,,,,,,,,,,,,,,,,,,,,,,,,,,,,,,,,,
,,,,,,,,,,,,,,,,,,,,,,,,,,,,,,,,,,,,,
,,,,,,,,,,,,,,,,,,,,,,,,,,,,,,,,,,,,,
,,,,,,,,,,,,,,,,,,,,,,,,,,,,,,,,,,,,,
,,,,,,,,,,,,,,,,,,,,,,,,,,,,,,,,,,,,,
,,,,,,,,,,,,,,,,,,,,,,,,,,,,,,,,,,,,,
,,,,,,,,,,,,,,,,,,,,,,,,,,,,,,,,,,,,,
,,,,,,,,,,,,,,,,,,,,,,,,,,,,,,,,,,,,,
,,,,,,,,,,,,,,,,,,,,,,,,,,,,,,,,,,,,,
,,,,,,,,,,,,,,,,,,,,,,,,,,,,,,,,,,,,,
,,,,,,,,,,,,,,,,,,,,,,,,,,,,,,,,,,,,,
,,,,,,,,,,,,,,,,,,,,,,,,,,,,,,,,,,,,,
,,,,,,,,,,,,,,,,,,,,,,,,,,,,,,,,,,,,,
,,,,,,,,,,,,,,,,,,,,,,,,,,,,,,,,,,,,,
,,,,,,,,,,,,,,,,,,,,,,,,,,,,,,,,,,,,,
,,,,,,,,,,,,,,,,,,,,,,,,,,,,,,,,,,,,,
,,,,,,,,,,,,,,,,,,,,,,,,,,,,,,,,,,,,,
,,,,,,,,,,,,,,,,,,,,,,,,,,,,,,,,,,,,,
,,,,,,,,,,,,,,,,,,,,,,,,,,,,,,,,,,,,,
,,,,,,,,,,,,,,,,,,,,,,,,,,,,,,,,,,,,,
,,,,,,,,,,,,,,,,,,,,,,,,,,,,,,,,,,,,,
,,,,,,,,,,,,,,,,,,,,,,,,,,,,,,,,,,,,,
,,,,,,,,,,,,,,,,,,,,,,,,,,,,,,,,,,,,,
,,,,,,,,,,,,,,,,,,,,,,,,,,,,,,,,,,,,,
,,,,,,,,,,,,,,,,,,,,,,,,,,,,,,,,,,,,,
,,,,,,,,,,,,,,,,,,,,,,,,,,,,,,,,,,,,,
,,,,,,,,,,,,,,,,,,,,,,,,,,,,,,,,,,,,,
,,,,,,,,,,,,,,,,,,,,,,,,,,,,,,,,,,,,,
,,,,,,,,,,,,,,,,,,,,,,,,,,,,,,,,,,,,,
,,,,,,,,,,,,,,,,,,,,,,,,,,,,,,,,,,,,,
,,,,,,,,,,,,,,,,,,,,,,,,,,,,,,,,,,,,,
,,,,,,,,,,,,,,,,,,,,,,,,,,,,,,,,,,,,,
,,,,,,,,,,,,,,,,,,,,,,,,,,,,,,,,,,,,,
,,,,,,,,,,,,,,,,,,,,,,,,,,,,,,,,,,,,,
,,,,,,,,,,,,,,,,,,,,,,,,,,,,,,,,,,,,,
,,,,,,,,,,,,,,,,,,,,,,,,,,,,,,,,,,,,,
,,,,,,,,,,,,,,,,,,,,,,,,,,,,,,,,,,,,,
,,,,,,,,,,,,,,,,,,,,,,,,,,,,,,,,,,,,,
,,,,,,,,,,,,,,,,,,,,,,,,,,,,,,,,,,,,,
,,,,,,,,,,,,,,,,,,,,,,,,,,,,,,,,,,,,,
,,,,,,,,,,,,,,,,,,,,,,,,,,,,,,,,,,,,,
,,,,,,,,,,,,,,,,,,,,,,,,,,,,,,,,,,,,,
,,,,,,,,,,,,,,,,,,,,,,,,,,,,,,,,,,,,,
,,,,,,,,,,,,,,,,,,,,,,,,,,,,,,,,,,,,,
,,,,,,,,,,,,,,,,,,,,,,,,,,,,,,,,,,,,,
,,,,,,,,,,,,,,,,,,,,,,,,,,,,,,,,,,,,,
,,,,,,,,,,,,,,,,,,,,,,,,,,,,,,,,,,,,,
,,,,,,,,,,,,,,,,,,,,,,,,,,,,,,,,,,,,,
,,,,,,,,,,,,,,,,,,,,,,,,,,,,,,,,,,,,,
,,,,,,,,,,,,,,,,,,,,,,,,,,,,,,,,,,,,,
,,,,,,,,,,,,,,,,,,,,,,,,,,,,,,,,,,,,,
,,,,,,,,,,,,,,,,,,,,,,,,,,,,,,,,,,,,,
,,,,,,,,,,,,,,,,,,,,,,,,,,,,,,,,,,,,,
,,,,,,,,,,,,,,,,,,,,,,,,,,,,,,,,,,,,,
,,,,,,,,,,,,,,,,,,,,,,,,,,,,,,,,,,,,,
,,,,,,,,,,,,,,,,,,,,,,,,,,,,,,,,,,,,,
,,,,,,,,,,,,,,,,,,,,,,,,,,,,,,,,,,,,,
,,,,,,,,,,,,,,,,,,,,,,,,,,,,,,,,,,,,,
,,,,,,,,,,,,,,,,,,,,,,,,,,,,,,,,,,,,,
,,,,,,,,,,,,,,,,,,,,,,,,,,,,,,,,,,,,,
,,,,,,,,,,,,,,,,,,,,,,,,,,,,,,,,,,,,,
,,,,,,,,,,,,,,,,,,,,,,,,,,,,,,,,,,,,,
,,,,,,,,,,,,,,,,,,,,,,,,,,,,,,,,,,,,,
,,,,,,,,,,,,,,,,,,,,,,,,,,,,,,,,,,,,,
,,,,,,,,,,,,,,,,,,,,,,,,,,,,,,,,,,,,,
,,,,,,,,,,,,,,,,,,,,,,,,,,,,,,,,,,,,,
,,,,,,,,,,,,,,,,,,,,,,,,,,,,,,,,,,,,,
,,,,,,,,,,,,,,,,,,,,,,,,,,,,,,,,,,,,,
,,,,,,,,,,,,,,,,,,,,,,,,,,,,,,,,,,,,,
,,,,,,,,,,,,,,,,,,,,,,,,,,,,,,,,,,,,,
,,,,,,,,,,,,,,,,,,,,,,,,,,,,,,,,,,,,,
,,,,,,,,,,,,,,,,,,,,,,,,,,,,,,,,,,,,,
,,,,,,,,,,,,,,,,,,,,,,,,,,,,,,,,,,,,,
,,,,,,,,,,,,,,,,,,,,,,,,,,,,,,,,,,,,,
,,,,,,,,,,,,,,,,,,,,,,,,,,,,,,,,,,,,,
,,,,,,,,,,,,,,,,,,,,,,,,,,,,,,,,,,,,,
,,,,,,,,,,,,,,,,,,,,,,,,,,,,,,,,,,,,,
,,,,,,,,,,,,,,,,,,,,,,,,,,,,,,,,,,,,,
,,,,,,,,,,,,,,,,,,,,,,,,,,,,,,,,,,,,,
,,,,,,,,,,,,,,,,,,,,,,,,,,,,,,,,,,,,,
,,,,,,,,,,,,,,,,,,,,,,,,,,,,,,,,,,,,,
,,,,,,,,,,,,,,,,,,,,,,,,,,,,,,,,,,,,,
,,,,,,,,,,,,,,,,,,,,,,,,,,,,,,,,,,,,,
,,,,,,,,,,,,,,,,,,,,,,,,,,,,,,,,,,,,,
,,,,,,,,,,,,,,,,,,,,,,,,,,,,,,,,,,,,,
,,,,,,,,,,,,,,,,,,,,,,,,,,,,,,,,,,,,,
,,,,,,,,,,,,,,,,,,,,,,,,,,,,,,,,,,,,,
,,,,,,,,,,,,,,,,,,,,,,,,,,,,,,,,,,,,,
,,,,,,,,,,,,,,,,,,,,,,,,,,,,,,,,,,,,,
,,,,,,,,,,,,,,,,,,,,,,,,,,,,,,,,,,,,,
,,,,,,,,,,,,,,,,,,,,,,,,,,,,,,,,,,,,,
,,,,,,,,,,,,,,,,,,,,,,,,,,,,,,,,,,,,,
,,,,,,,,,,,,,,,,,,,,,,,,,,,,,,,,,,,,,
,,,,,,,,,,,,,,,,,,,,,,,,,,,,,,,,,,,,,
,,,,,,,,,,,,,,,,,,,,,,,,,,,,,,,,,,,,,
,,,,,,,,,,,,,,,,,,,,,,,,,,,,,,,,,,,,,
,,,,,,,,,,,,,,,,,,,,,,,,,,,,,,,,,,,,,
,,,,,,,,,,,,,,,,,,,,,,,,,,,,,,,,,,,,,
,,,,,,,,,,,,,,,,,,,,,,,,,,,,,,,,,,,,,
,,,,,,,,,,,,,,,,,,,,,,,,,,,,,,,,,,,,,
,,,,,,,,,,,,,,,,,,,,,,,,,,,,,,,,,,,,,
,,,,,,,,,,,,,,,,,,,,,,,,,,,,,,,,,,,,,
,,,,,,,,,,,,,,,,,,,,,,,,,,,,,,,,,,,,,
,,,,,,,,,,,,,,,,,,,,,,,,,,,,,,,,,,,,,
,,,,,,,,,,,,,,,,,,,,,,,,,,,,,,,,,,,,,
,,,,,,,,,,,,,,,,,,,,,,,,,,,,,,,,,,,,,
,,,,,,,,,,,,,,,,,,,,,,,,,,,,,,,,,,,,,
,,,,,,,,,,,,,,,,,,,,,,,,,,,,,,,,,,,,,
,,,,,,,,,,,,,,,,,,,,,,,,,,,,,,,,,,,,,
,,,,,,,,,,,,,,,,,,,,,,,,,,,,,,,,,,,,,
,,,,,,,,,,,,,,,,,,,,,,,,,,,,,,,,,,,,,
,,,,,,,,,,,,,,,,,,,,,,,,,,,,,,,,,,,,,
,,,,,,,,,,,,,,,,,,,,,,,,,,,,,,,,,,,,,
,,,,,,,,,,,,,,,,,,,,,,,,,,,,,,,,,,,,,
,,,,,,,,,,,,,,,,,,,,,,,,,,,,,,,,,,,,,
,,,,,,,,,,,,,,,,,,,,,,,,,,,,,,,,,,,,,
,,,,,,,,,,,,,,,,,,,,,,,,,,,,,,,,,,,,,
,,,,,,,,,,,,,,,,,,,,,,,,,,,,,,,,,,,,,
,,,,,,,,,,,,,,,,,,,,,,,,,,,,,,,,,,,,,
,,,,,,,,,,,,,,,,,,,,,,,,,,,,,,,,,,,,,
,,,,,,,,,,,,,,,,,,,,,,,,,,,,,,,,,,,,,
,,,,,,,,,,,,,,,,,,,,,,,,,,,,,,,,,,,,,
,,,,,,,,,,,,,,,,,,,,,,,,,,,,,,,,,,,,,
,,,,,,,,,,,,,,,,,,,,,,,,,,,,,,,,,,,,,
,,,,,,,,,,,,,,,,,,,,,,,,,,,,,,,,,,,,,
,,,,,,,,,,,,,,,,,,,,,,,,,,,,,,,,,,,,,
,,,,,,,,,,,,,,,,,,,,,,,,,,,,,,,,,,,,,
,,,,,,,,,,,,,,,,,,,,,,,,,,,,,,,,,,,,,
,,,,,,,,,,,,,,,,,,,,,,,,,,,,,,,,,,,,,
,,,,,,,,,,,,,,,,,,,,,,,,,,,,,,,,,,,,,
,,,,,,,,,,,,,,,,,,,,,,,,,,,,,,,,,,,,,
,,,,,,,,,,,,,,,,,,,,,,,,,,,,,,,,,,,,,
,,,,,,,,,,,,,,,,,,,,,,,,,,,,,,,,,,,,,
,,,,,,,,,,,,,,,,,,,,,,,,,,,,,,,,,,,,,
,,,,,,,,,,,,,,,,,,,,,,,,,,,,,,,,,,,,,
,,,,,,,,,,,,,,,,,,,,,,,,,,,,,,,,,,,,,
,,,,,,,,,,,,,,,,,,,,,,,,,,,,,,,,,,,,,
,,,,,,,,,,,,,,,,,,,,,,,,,,,,,,,,,,,,,
,,,,,,,,,,,,,,,,,,,,,,,,,,,,,,,,,,,,,
,,,,,,,,,,,,,,,,,,,,,,,,,,,,,,,,,,,,,
,,,,,,,,,,,,,,,,,,,,,,,,,,,,,,,,,,,,,
,,,,,,,,,,,,,,,,,,,,,,,,,,,,,,,,,,,,,
,,,,,,,,,,,,,,,,,,,,,,,,,,,,,,,,,,,,,
,,,,,,,,,,,,,,,,,,,,,,,,,,,,,,,,,,,,,
,,,,,,,,,,,,,,,,,,,,,,,,,,,,,,,,,,,,,
,,,,,,,,,,,,,,,,,,,,,,,,,,,,,,,,,,,,,
,,,,,,,,,,,,,,,,,,,,,,,,,,,,,,,,,,,,,
,,,,,,,,,,,,,,,,,,,,,,,,,,,,,,,,,,,,,
,,,,,,,,,,,,,,,,,,,,,,,,,,,,,,,,,,,,,
,,,,,,,,,,,,,,,,,,,,,,,,,,,,,,,,,,,,,
,,,,,,,,,,,,,,,,,,,,,,,,,,,,,,,,,,,,,
,,,,,,,,,,,,,,,,,,,,,,,,,,,,,,,,,,,,,
,,,,,,,,,,,,,,,,,,,,,,,,,,,,,,,,,,,,,
,,,,,,,,,,,,,,,,,,,,,,,,,,,,,,,,,,,,,
,,,,,,,,,,,,,,,,,,,,,,,,,,,,,,,,,,,,,
,,,,,,,,,,,,,,,,,,,,,,,,,,,,,,,,,,,,,
,,,,,,,,,,,,,,,,,,,,,,,,,,,,,,,,,,,,,
,,,,,,,,,,,,,,,,,,,,,,,,,,,,,,,,,,,,,
,,,,,,,,,,,,,,,,,,,,,,,,,,,,,,,,,,,,,
,,,,,,,,,,,,,,,,,,,,,,,,,,,,,,,,,,,,,
,,,,,,,,,,,,,,,,,,,,,,,,,,,,,,,,,,,,,
,,,,,,,,,,,,,,,,,,,,,,,,,,,,,,,,,,,,,
,,,,,,,,,,,,,,,,,,,,,,,,,,,,,,,,,,,,,
,,,,,,,,,,,,,,,,,,,,,,,,,,,,,,,,,,,,,
,,,,,,,,,,,,,,,,,,,,,,,,,,,,,,,,,,,,,
,,,,,,,,,,,,,,,,,,,,,,,,,,,,,,,,,,,,,
,,,,,,,,,,,,,,,,,,,,,,,,,,,,,,,,,,,,,
,,,,,,,,,,,,,,,,,,,,,,,,,,,,,,,,,,,,,
,,,,,,,,,,,,,,,,,,,,,,,,,,,,,,,,,,,,,
,,,,,,,,,,,,,,,,,,,,,,,,,,,,,,,,,,,,,
,,,,,,,,,,,,,,,,,,,,,,,,,,,,,,,,,,,,,
,,,,,,,,,,,,,,,,,,,,,,,,,,,,,,,,,,,,,
,,,,,,,,,,,,,,,,,,,,,,,,,,,,,,,,,,,,,
,,,,,,,,,,,,,,,,,,,,,,,,,,,,,,,,,,,,,
,,,,,,,,,,,,,,,,,,,,,,,,,,,,,,,,,,,,,
,,,,,,,,,,,,,,,,,,,,,,,,,,,,,,,,,,,,,
,,,,,,,,,,,,,,,,,,,,,,,,,,,,,,,,,,,,,
,,,,,,,,,,,,,,,,,,,,,,,,,,,,,,,,,,,,,
,,,,,,,,,,,,,,,,,,,,,,,,,,,,,,,,,,,,,
,,,,,,,,,,,,,,,,,,,,,,,,,,,,,,,,,,,,,
,,,,,,,,,,,,,,,,,,,,,,,,,,,,,,,,,,,,,
,,,,,,,,,,,,,,,,,,,,,,,,,,,,,,,,,,,,,
,,,,,,,,,,,,,,,,,,,,,,,,,,,,,,,,,,,,,
,,,,,,,,,,,,,,,,,,,,,,,,,,,,,,,,,,,,,
,,,,,,,,,,,,,,,,,,,,,,,,,,,,,,,,,,,,,
,,,,,,,,,,,,,,,,,,,,,,,,,,,,,,,,,,,,,
,,,,,,,,,,,,,,,,,,,,,,,,,,,,,,,,,,,,,
,,,,,,,,,,,,,,,,,,,,,,,,,,,,,,,,,,,,,
,,,,,,,,,,,,,,,,,,,,,,,,,,,,,,,,,,,,,
,,,,,,,,,,,,,,,,,,,,,,,,,,,,,,,,,,,,,
,,,,,,,,,,,,,,,,,,,,,,,,,,,,,,,,,,,,,
,,,,,,,,,,,,,,,,,,,,,,,,,,,,,,,,,,,,,
,,,,,,,,,,,,,,,,,,,,,,,,,,,,,,,,,,,,,
,,,,,,,,,,,,,,,,,,,,,,,,,,,,,,,,,,,,,
,,,,,,,,,,,,,,,,,,,,,,,,,,,,,,,,,,,,,
,,,,,,,,,,,,,,,,,,,,,,,,,,,,,,,,,,,,,
,,,,,,,,,,,,,,,,,,,,,,,,,,,,,,,,,,,,,
,,,,,,,,,,,,,,,,,,,,,,,,,,,,,,,,,,,,,
,,,,,,,,,,,,,,,,,,,,,,,,,,,,,,,,,,,,,
,,,,,,,,,,,,,,,,,,,,,,,,,,,,,,,,,,,,,
,,,,,,,,,,,,,,,,,,,,,,,,,,,,,,,,,,,,,
,,,,,,,,,,,,,,,,,,,,,,,,,,,,,,,,,,,,,
,,,,,,,,,,,,,,,,,,,,,,,,,,,,,,,,,,,,,
,,,,,,,,,,,,,,,,,,,,,,,,,,,,,,,,,,,,,
,,,,,,,,,,,,,,,,,,,,,,,,,,,,,,,,,,,,,
,,,,,,,,,,,,,,,,,,,,,,,,,,,,,,,,,,,,,
,,,,,,,,,,,,,,,,,,,,,,,,,,,,,,,,,,,,,
,,,,,,,,,,,,,,,,,,,,,,,,,,,,,,,,,,,,,
,,,,,,,,,,,,,,,,,,,,,,,,,,,,,,,,,,,,,
,,,,,,,,,,,,,,,,,,,,,,,,,,,,,,,,,,,,,
,,,,,,,,,,,,,,,,,,,,,,,,,,,,,,,,,,,,,
,,,,,,,,,,,,,,,,,,,,,,,,,,,,,,,,,,,,,
,,,,,,,,,,,,,,,,,,,,,,,,,,,,,,,,,,,,,
,,,,,,,,,,,,,,,,,,,,,,,,,,,,,,,,,,,,,
,,,,,,,,,,,,,,,,,,,,,,,,,,,,,,,,,,,,,
,,,,,,,,,,,,,,,,,,,,,,,,,,,,,,,,,,,,,
,,,,,,,,,,,,,,,,,,,,,,,,,,,,,,,,,,,,,
,,,,,,,,,,,,,,,,,,,,,,,,,,,,,,,,,,,,,
,,,,,,,,,,,,,,,,,,,,,,,,,,,,,,,,,,,,,
,,,,,,,,,,,,,,,,,,,,,,,,,,,,,,,,,,,,,
,,,,,,,,,,,,,,,,,,,,,,,,,,,,,,,,,,,,,
,,,,,,,,,,,,,,,,,,,,,,,,,,,,,,,,,,,,,
,,,,,,,,,,,,,,,,,,,,,,,,,,,,,,,,,,,,,
,,,,,,,,,,,,,,,,,,,,,,,,,,,,,,,,,,,,,
,,,,,,,,,,,,,,,,,,,,,,,,,,,,,,,,,,,,,
,,,,,,,,,,,,,,,,,,,,,,,,,,,,,,,,,,,,,
,,,,,,,,,,,,,,,,,,,,,,,,,,,,,,,,,,,,,
,,,,,,,,,,,,,,,,,,,,,,,,,,,,,,,,,,,,,
,,,,,,,,,,,,,,,,,,,,,,,,,,,,,,,,,,,,,
,,,,,,,,,,,,,,,,,,,,,,,,,,,,,,,,,,,,,
,,,,,,,,,,,,,,,,,,,,,,,,,,,,,,,,,,,,,
,,,,,,,,,,,,,,,,,,,,,,,,,,,,,,,,,,,,,
,,,,,,,,,,,,,,,,,,,,,,,,,,,,,,,,,,,,,
,,,,,,,,,,,,,,,,,,,,,,,,,,,,,,,,,,,,,
,,,,,,,,,,,,,,,,,,,,,,,,,,,,,,,,,,,,,
,,,,,,,,,,,,,,,,,,,,,,,,,,,,,,,,,,,,,
,,,,,,,,,,,,,,,,,,,,,,,,,,,,,,,,,,,,,
,,,,,,,,,,,,,,,,,,,,,,,,,,,,,,,,,,,,,
,,,,,,,,,,,,,,,,,,,,,,,,,,,,,,,,,,,,,
,,,,,,,,,,,,,,,,,,,,,,,,,,,,,,,,,,,,,
,,,,,,,,,,,,,,,,,,,,,,,,,,,,,,,,,,,,,
,,,,,,,,,,,,,,,,,,,,,,,,,,,,,,,,,,,,,
,,,,,,,,,,,,,,,,,,,,,,,,,,,,,,,,,,,,,
,,,,,,,,,,,,,,,,,,,,,,,,,,,,,,,,,,,,,
,,,,,,,,,,,,,,,,,,,,,,,,,,,,,,,,,,,,,
,,,,,,,,,,,,,,,,,,,,,,,,,,,,,,,,,,,,,
,,,,,,,,,,,,,,,,,,,,,,,,,,,,,,,,,,,,,
,,,,,,,,,,,,,,,,,,,,,,,,,,,,,,,,,,,,,
,,,,,,,,,,,,,,,,,,,,,,,,,,,,,,,,,,,,,
,,,,,,,,,,,,,,,,,,,,,,,,,,,,,,,,,,,,,
,,,,,,,,,,,,,,,,,,,,,,,,,,,,,,,,,,,,,
,,,,,,,,,,,,,,,,,,,,,,,,,,,,,,,,,,,,,
,,,,,,,,,,,,,,,,,,,,,,,,,,,,,,,,,,,,,
,,,,,,,,,,,,,,,,,,,,,,,,,,,,,,,,,,,,,
,,,,,,,,,,,,,,,,,,,,,,,,,,,,,,,,,,,,,
,,,,,,,,,,,,,,,,,,,,,,,,,,,,,,,,,,,,,
,,,,,,,,,,,,,,,,,,,,,,,,,,,,,,,,,,,,,
,,,,,,,,,,,,,,,,,,,,,,,,,,,,,,,,,,,,,
,,,,,,,,,,,,,,,,,,,,,,,,,,,,,,,,,,,,,
,,,,,,,,,,,,,,,,,,,,,,,,,,,,,,,,,,,,,
,,,,,,,,,,,,,,,,,,,,,,,,,,,,,,,,,,,,,
,,,,,,,,,,,,,,,,,,,,,,,,,,,,,,,,,,,,,
,,,,,,,,,,,,,,,,,,,,,,,,,,,,,,,,,,,,,
,,,,,,,,,,,,,,,,,,,,,,,,,,,,,,,,,,,,,
,,,,,,66383.34,3876.18,3672.17,5006.64,5153.87,7615.02,2844.8,3626,4815.45,4606.97,4420.8,2850.23,3512.57,5353.28,5694.98,3683.62,5777.01,0,0,0,0,0,0,0,0,#REF!,#REF!,#REF!,0,0,0,0
Date,Sent,Fee,Can spend,Extra,From/To,Note,,,,,,,,,,,,,,,,,,,,,,,,,,,,,,,
,66680.95238,"2,871.43",63809.52381,342.5,9429,,,,,,,,,,,,,,,,,,,,,,,,,,,,,,,,
,,,,,,,,,,,,,,,,,,,,,,,,,,,,,,,,,,,,,
2/1,7961.904762,342.86,"7,619.05",,,,,,,,,,,,,,,,,,,,,,,,,,,,,,,,,,
5/1,8957.142857,385.71,"8,571.43",,,,, ,,,,,,,,,,,,,,,,,,,,,,,,,,,,,
6/1,12938.09524,557.14,"12,380.95",,,,,,,,,,,,,,,,,,,,,,,,,,,,,,,,,,
7/1,4976.190476,214.29,"4,761.90",,,,,,,,,,,,,,,,,,,,,,,,,,,,,,,,,,
,,0.00,0.00,342.50,,threshdol 1105191510246914,,,,,,,,,,,,,,,,,,,,,,,,,,,,,,,
8/1,3980.952381,171.43,"3,809.52",,,,,,,,,,,,,,,,,,,,,,,,,,,,,,,,,,
9.1,6966.67,300.00,"6,666.67",,,,,,,,,,,,,,,,,,,,,,,,,,,,,,,,,,
11/1,6966.666667,300.00,"6,666.67",,,,,,,,,,,,,,,,,,,,,,,,,,,,,,,,,,
13/1,6966.666667,300.00,"6,666.67",,,,,,,,,,,,,,,,,,,,,,,,,,,,,,,,,,
15/1,6966.666667,300.00,"6,666.67",,"9,429.00",From Vanok,,,,,,,,,,,,,,,,,,,,,,,,,,,,,,,
,,0.00,0.00,,,,,,,,,,,,,,,,,,,,,,,,,,,,,,,,,,
,,0.00,0.00,,,,,,,,,,,,,,,,,,,,,,,,,,,,,,,,,,
,,0.00,0.00,,,,,,,,,,,,,,,,,,,,,,,,,,,,,,,,,,
,,0.00,0.00,,,,,,,,,,,,,,,,,,,,,,,,,,,,,,,,,,
,,0.00,0.00,,,,,,,,,,,,,,,,,,,,,,,,,,,,,,,,,,
,,0.00,0.00,,,,,,,,,,,,,,,,,,,,,,,,,,,,,,,,,,
,,0.00,0.00,,,,,,,,,,,,,,,,,,,,,,,,,,,,,,,,,,
,,0.00,0.00,,,,,,,,,,,,,,,,,,,,,,,,,,,,,,,,,,
,,0.00,0.00,,,,,,,,,,,,,,,,,,,,,,,,,,,,,,,,,,
,,0.00,0.00,,,,,,,,,,,,,,,,,,,,,,,,,,,,,,,,,,
,,0.00,0.00,,,,,,,,,,,,,,,,,,,,,,,,,,,,,,,,,,
,,,,,,,,,,,,,,,,,,,,,,,,,,,,,,,,,,,,,
,,,,,,,,,,,,,,,,,,,,,,,,,,,,,,,,,,,,,
,,,0,,,,,,,,,,,,,,,,,,,,,,,,,,,,,,,,,,